Track URI,Track Name,Artist Name(s)
spotify:track:7DV0TzeNMylo6rlkrYXDiP,Red,King Crimson
spotify:track:6pgg1PiWcNaBPQt1iiEVrQ,Peaches En Regalia,Frank Zappa
spotify:track:739nt7EHoiy723RNSBVWRk,Discipline,King Crimson
spotify:track:5qmlexKxaI31MvFhObUCZm,The Devils Triangle,King Crimson
spotify:track:6VsQM4q9ZRWJAHUgsGxO9N,Bolero (remix from Frame By Frame),King Crimson
spotify:track:4KTar3zcsiZf8VMEctmvGY,Sailor's Tale,King Crimson
spotify:track:7K5NiBQk7QJ0qehZ4e6LmB,Track B- Duete Solo Dancers,Charles Mingus
spotify:track:6JqDvkuehHaeyndeGmLrRt,スワロー,CASIOPEA
spotify:track:3wk7j74e5vRLq6VKSigPkk,ダズリング,CASIOPEA
spotify:track:4ljQvyS7noetiYGCAVZWDe,Tonight We Love,Pyotr Ilyich Tchaikovsky;Carmen Cavallaro
spotify:track:3Sw1JO7Es6T2yMOWsB1hf0,Chopin's Polonaise,Frédéric Chopin;Carmen Cavallaro
spotify:track:5QLra1S1lpWeGdVMeWl2Yq,The Girl From Ipanema,Antônio Carlos Jobim;Vinícius de Moraes;Carmen Cavallaro
spotify:track:33rnmieZXcdGmYr62KcNVU,C'est Si Bon (It's So Good),Jerry Seleen;André Hornez;Henri Betti;Carmen Cavallaro
spotify:track:5iOiNDSdaQdTQ6KxWsJSv5,Moon River,Henry Mancini;Carmen Cavallaro
spotify:track:2Rx6xa3zxZ0dr6s0N6zDt5,マジック・レイ,CASIOPEA
spotify:track:3OCxOUUH3FUf8xk0RuWADJ,ザ・ワード II,SHIGEO SEKITO
spotify:track:56prPhOQ8YcVNLK9UXn7Py,ミッドナイト・ランデブー,CASIOPEA
spotify:track:5htRJ55asmQmbbE2OcuQw2,Everybody Wants to Rule the Word,Adam Maness Trio
spotify:track:0MaM0yE9EdQEJwDfs6EAZ9,タイム・リミット,CASIOPEA
spotify:track:15DKVRxHhKqRmIE2L6G82h,ティアーズ・オブ・ザ・スター,CASIOPEA
spotify:track:0AQbh180FvAvXdyExZ7adc,デューン (砂丘),CASIOPEA
spotify:track:3dHzBsUjezsSkaypk3lIxx,セイリング・アローン,CASIOPEA
spotify:track:2CsnpBAB8VQMTyPuws57ao,Huit octobre 1971,Cortex
spotify:track:19vVghIuHm3IAfN4xpRF3q,Birdland,Weather Report
spotify:track:0k4XkPxJMQKQa7Ali1qske,A Remark You Made,Weather Report
spotify:track:7hgTD3nmWLbF58Rsugc27d,BREEZIN',Masayoshi Takanaka
spotify:track:0Wk3sHj5mwjuDkQX19Dyd0,Resort For Blue - 2018 Remaster,Makoto Matsushita
spotify:track:61sFnsKHD1mNNiWuIwdhSK,PLASTIC TEARS,Masayoshi Takanaka
spotify:track:4sUTagdmyuyAxd7RvbygpQ,aruarian dance,Nujabes
spotify:track:17ncQG7WvVeRZl9ZQoFkdu,Jupiter: The Bringer of Jollity,Jeremy Levy Jazz Orchestra
spotify:track:01aYGVdwNjvFKXMpvLthrD,Venus: The Bringer of Peace,Jeremy Levy Jazz Orchestra
spotify:track:54VBfy8Jmi9lIsbsdv5x4E,Night in Tunisia,Jesus Molina;Sam Smith;Roni Kaspi
spotify:track:3yfyw2fiKPHtmqUOOuIgjj,yokokuhen,RYUSENKEI;HITOMITOI
spotify:track:0yK8sWD6cfrc7pGfaPIcZH,Sleep Walk,Santo & Johnny
spotify:track:6VBNn49pDkC1bZJC5vEJc5,"Venus, the Bringer of Peace",Mark Schwarzmayr;Benjamin Steil
spotify:track:2Ai2qCoojC3PcrIAe0JNsU,Fever was Good,空間現代
spotify:track:027j9vKpSjWRTgKsYwHtj7,Luv (sic.) pt3 Instrumentals,Nujabes
spotify:track:0kktHCDWaD777RCGHw6Alg,Luv (sic) Instrumentals,Nujabes
spotify:track:4SquYNaAEtpiTLT5T8tkx6,Luv (sic) pt2 Instrumentals,Nujabes
spotify:track:1pxdPSITU316wZ68CUbLaY,Luv (sic) pt4 Instrumentals,Nujabes
spotify:track:4yE4q67dJfxAHoWaf95k4E,Luv (sic) pt5 Instrumentals,Nujabes
spotify:track:2zFpVzIu0glyA45nbgOOi9,Charnsuka,MF DOOM
spotify:track:7czBowBlDbSw4wvCxmY41P,Monosodium Glutamate,MF DOOM
spotify:track:4GdeaEySaUDHifqoOTAUEb,Let's Get Together Now!,Omori
spotify:track:1IIydYQ6LTzZpgLXYpNlNy,Libertango,Astor Piazzolla
spotify:track:5TfgNJxlB1przEjZEaVA1T,Lazy Afternoons,Federico Dubbini
spotify:track:6o65Xn8X3IXf7zmxVjXDWJ,Green Arrow,Yo La Tengo
spotify:track:7eR0HaQ7wvWWXzLSf44VQ4,Coltsfoot Leaf,MF DOOM
spotify:track:5gpfrWEwhsHhQcw6VjrZNp,Beach Buds (Short Hike),Mark Sparling
spotify:track:2K0ak2yPiCxB7AhyuWwyFH,Somewhere in the Woods (Short Hike),Mark Sparling
spotify:track:4Tdy3IcxqAjii4zav9e8AJ,A Short Flight,Mark Sparling
spotify:track:7Af5aQzfpm2VxnCFsy6Tkx,Snowy,Toby Fox
spotify:track:4wBMMqeY2NnFnStBIPHxyG,Oh! One True Love,Toby Fox
spotify:track:5z4vmar50qPl80GjIrPBXm,It's Raining Somewhere Else,Toby Fox
spotify:track:4F9q9vdpzkA2OxuofEXxNf,Welcome to the Green Room,Toby Fox
spotify:track:5HqYLP8pJlzZJwoQuXrB50,"Mipha's Theme (From ""Legend of Zelda: Breath of the Wild"")",DS Music
spotify:track:03RE33d98BX1rZ3GsemCpA,"Breath of the Wild Main Theme (From ""Zelda: Breath of the Wild"") [For Flute & Piano Duet]",daigoro789
spotify:track:3RbYwDYmdh71GfEYUtDzEx,"My Love, My Love",Million Eyes
spotify:track:1iv1JThcpZlvOIGhIJj99g,There Will Be Rain,Million Eyes
spotify:track:1HTlWjFFHXEgPSNv6FwbNk,Lily's Dance,Million Eyes
spotify:track:3t2wRpcH3CIoJXpKxNd68R,Mother 3 - Love Theme (Reprise),Josiah Everhart
spotify:track:7EeF2BbyTofM11sp9IUeAH,"Luma (From ""Super Mario Galaxy"")",Tim Burnelis
spotify:track:2F7cfNQb4wueVBucsfJxMJ,Fallen Down,Toby Fox;Augustine Mayuga Gonzales;David Peacock
spotify:track:4S5vqjNBI0MpFYajGnqi2n,Happy End,Ryuichi Sakamoto
spotify:track:5WKxoVZqQkRETSwgt3odjS,"Mipha's Theme (From ""The Legend of Zelda: Breath of the Wild"")",Moisés Nieto
spotify:track:1Vq1mtl40GBNgrIKB8PyER,Born a Stranger,Kan Gao
spotify:track:6SUhttyKaa2ZZZu94ox0d9,For River - Piano (Johnny's Version),Kan Gao
spotify:track:17OLa5SaxcbBshBlaNTj0x,"Main Theme (From ""The Legend of Zelda: Breath of the Wild"")",Moisés Nieto
spotify:track:3mlqYwpqk8g5CFxmaJjAKv,Rain - Version for Piano Trio,Ryuichi Sakamoto;Jaques Morelenbaum;David Nadien
spotify:track:3XlmzpSQyeorPcPqOyLsZE,Title,Super Guitar Bros
spotify:track:3dZm1hhHsRyArRFPDkhlaT,La Costa Azul (The Blue Coast),Adrian Talens
spotify:track:4QQWIjbBQbCHoHWaabkXTC,"Wake Up, It's Morning",Adrian Talens
spotify:track:44mAlNwovkGPe1yszlNzt8,Going Places,Adrian Talens
spotify:track:2j8CK5ejFOTNGVMiVz1HHg,Sol de Verano (Summer Sun),Adrian Talens
spotify:track:64fYjXOHj9o0f8Rhvfj2gz,Almost Was Good Enough,Adrian Talens
spotify:track:4rlABcqQ8zH7dQMoZK5BPf,Campfire Dreams,Adrian Talens
spotify:track:598aeCiZZuCy28PcdMhn1Z,Along for the Ride,Adrian Talens
spotify:track:5X9RBOhzBCfbNWTqevvuhp,"Arietta - Based on Grieg's Lyrical Pieces, Op. 12",Edvard Grieg;Tim Allhoff;Morphing Chamber Orchestra
spotify:track:7DG6A3XsTxbMC9Fpkh74W3,Gerudo Valley,Super Guitar Bros
spotify:track:59EPbYaZgU4qrQy1OwwhKt,The Mercy of the Wind,Million Eyes
spotify:track:2M7EflZCPCqqRLB9hy5MDy,Feels So Good,Chuck Mangione
spotify:track:7ubd6wvhN4TKMwQUy6hR69,Ladyfingers,Herb Alpert & The Tijuana Brass
spotify:track:3pbRibeDEmrB8PLV9U8Iik,Bellavia - 1978 Album Version,Chuck Mangione
spotify:track:32MNtYJfy8mKJ3D8pTtSRI,The Legend Of Zelda: End Theme,Jonnas Heisenberg
spotify:track:3iuKd2yvBKwgy765rT6Hk3,Deconstruction,Adrian Talens
spotify:track:5k6D1ZhxRpakasTfafayX3,Reconstruction,Adrian Talens
spotify:track:58s0vwBLXbwWUr7Ryfg4XC,Under Construction,Adrian Talens
spotify:track:2dEimLdpOJLBDPHJqSTWvy,Libra,Aaron Diehl;The Knights
spotify:track:3uhGWxwYdkwzI9vHITtaza,Fairy Fountain,Super Guitar Bros
spotify:track:1OJxI8lIWRqBvouJxW1nzN,Subwoofer Lullaby,C418
spotify:track:4RROfcxQXFIwW0ugcZfdC4,Haggstrom,C418
spotify:track:6xwhCiWXREsAIQVZqHswVw,Minecraft,C418
spotify:track:5fqjfiMOFapIb8uFcxBStH,Mice on Venus,C418
spotify:track:1tinoQpYXzpZDrb0BjK1e7,Wet Hands,C418
spotify:track:4NsPgRYUdHu2Q5JRNgXYU5,Sweden,C418
spotify:track:2Au50d6aZrsYrbxQzDjjYW,Danny,C418
spotify:track:7oGV6z8nj9HWhPpIiL1DDs,Warsaw Concerto,Freddy Martin And His Orchestra;Jack Fina
spotify:track:2Ibyx9m0rs3MSVWdqaCWkI,Nederlag,Jacob David
spotify:track:1U8o73TurMXghX2kqF99EG,Now and Then,Elliott Jack Sansom;Jacob David
spotify:track:3RZq4VgmPYe2I6gMZRRe5F,Summer of '42,Johnny Pearson and His Orchestra
spotify:track:06QSR8Fm8c2EYuWxKL5fk1,Littleroot Town,Tristan D. Perez
spotify:track:39syhJ2wG5nefYG4boVI0B,Where Roses Bloom,Teesa
spotify:track:3bR9lqBpz0S21rvM24R9nH,Ale of Balduran,Borislav Slavov
spotify:track:5L0jX9eGd2sIXkheH5fhvp,Slytherin Common Room,J Scott Rakozy;Hogwarts Legacy
spotify:track:4IQrCJJiiwBx8G5v6GtMwe,I Want to Live - Classical Version,Borislav Slavov
spotify:track:1zgrWgti68qWG12pHXNl23,Jupiter (Bonus Track),Curtis Schweitzer
spotify:track:1qsCa4QRRTtyQEpm0sk4fD,Worship the Endless,Arnaud Roy
spotify:track:2Uw2rFEuMbcVemjpjyo3u6,"Eterna Forest (From ""Pokémon DPPT"")",Darren Ang
spotify:track:1qoFVb7xcCv7Lpfg2Tfoiy,Secret of the Forest,Yasunori Mitsuda
spotify:track:0Ixn2O5c2mCVeaC9z982mG,Wind Scene (From “Chrono Trigger”) - Acoustic Guitar,Yasunori Mitsuda;John Oeth
spotify:track:1Lw8az0pvHNLIhOT2DWQ9W,Nascence,Austin Wintory
spotify:track:0DrrH6VEMbyjccWKAJKjIP,The Great Fairy Fountain,Video Game Music Box
spotify:track:1trkhhMYjfU6R8VFo43dnD,Lost Woods,Mikel;GameChops
spotify:track:7fD72waADOZymEpuQfbiDE,Fairy Fountain,Mikel;GameChops
spotify:track:4Q7ZTcOemrVx5ex3JHVPvn,Ocarina of Time,Mikel;GameChops
spotify:track:3fBa2iRjwXz5bt6WMAx1so,Gerudo Valley,Mikel;GameChops
spotify:track:0c4KyvtJPmHd5mnXYE5QnZ,Song of Storms,Mikel;GameChops
spotify:track:4Ay6SgcMwGhwx82GGfmdEJ,Dark World,Mikel;GameChops
spotify:track:6q4yJfdPmQh5OkzJHrj538,MUJI2020,Ryuichi Sakamoto
spotify:track:4bJsfNjLkRkS3z8DXTlzKp,National Park,Mikel;GameChops
spotify:track:6GhGYl1M68LMA39skNCgVe,Frio,Wun Two
spotify:track:65wUkEpBA7FAxtYxCkqEOj,Pokemon RSE - Ending Credits Theme,Michael Tai
spotify:track:4Q0V0Q2jr75cNNbxXEmlW0,Aoneko no Torso - Version for Piano Trio,Ryuichi Sakamoto;Jaques Morelenbaum;Everton Nelson
spotify:track:7qnSmz4abtOXKuYhaRYuPv,Prélude à Go Round,Cortex
spotify:track:2CRWG8hTIV0b5kSWMTVMU0,"Littleroot Town (From ""Pokemon Ruby/Sapphire/Emerald"")",Michael Tai
spotify:track:7eYF1tAcKBvhJU4W9K0Uca,When It Rains,Brad Mehldau
spotify:track:2q82JCEyg3G61cEIXk1nqN,Chase The Clouds Away,Chuck Mangione
spotify:track:4kQbWhGdyt1OHTutPHlcjm,Love Lights,PYRAMID
spotify:track:21VomxDANSnbiaVzcqaNC7,regalecus glesne - feat.元晴 & 柴田亮,BimBomBam Orchestra;元晴;柴田亮
spotify:track:6pCPpqp3C2q9oqfT3wlKHm,"Theme, From : ""The Apartment""",Ted Heath & His Music
spotify:track:3rKsXR4xrMOB90DoLswTiJ,Violins in the Night,The Melachrino Strings and Orchestra
spotify:track:4CUbWzm4py7ji1vWkTQSfo,"Maria (From ""West Side Story"")",Peter Nero
spotify:track:3l8YZRyOFGLUGiE67a0Meq,Overture,The Hollywood Studio Symphony;Aaron Zigman
spotify:track:1vgSaC0BPlL6LEm4Xsx59J,An Ending (Ascent) - Remastered 2005,Brian Eno
spotify:track:5Xk2ZsXAP4sQZsdxBWZ7NA,The Girl from Ipanema,Percy Faith & His Orchestra
spotify:track:0apX2H5yA7GzNCa5mrkwYB,Three Quarter-Tone Pieces for Two Pianos: Largo,Charles Ives;Josef Christof;Steffen Schleiermacher
spotify:track:4cA9vcOP452souk978Rtwt,My Prayer,Laurindo Almeida
spotify:track:34Q67Qfdxp1KjcjyHMIssQ,My Reverie,Laurindo Almeida
spotify:track:6VReXvMXxUSwRPaY6KyNQw,Tea For Two,Laurindo Almeida
spotify:track:0zUknB0Tdf7kF8abAIIrom,Till the End of Time,Laurindo Almeida
spotify:track:2uI9AFsTkNxfWfuYalunON,Full Moon and Empty Arms,Laurindo Almeida
spotify:track:2BPKqI11PLAKvtg9wGZ4Ll,Wind Scene,Yasunori Mitsuda
spotify:track:4yNNjS9AFYHQRVDf86JHSx,"Riding (Day) [From ""The Legend of Zelda: Breath of the Wild""]",Franco Albertini
spotify:track:1lL5wgXpI3Wwn6Am13dQIj,Finale,John Williams
spotify:track:1cNf5WAYWuQwGoJyfsHcEF,"Across the Stars (Love Theme from ""Star Wars: Attack of the Clones"")",John Williams;London Symphony Orchestra
spotify:track:5LgAjkrNpnKiFqlciZXi8Q,Melatonin,Housecat
spotify:track:69oDHCpVOoUUd9RfyyA42c,Ballade,Piero Piccioni
spotify:track:1QLPikLUFy5l77cHiP39ym,Fugue in A Minor,The Modern Jazz Quartet;Laurindo Almeida
spotify:track:2TjdnqlpwOjhijHCwHCP2d,The Great Gig in the Sky,Pink Floyd
spotify:track:2LUz8ARN0xx5YblhEftz2F,The Immolation Scene,John Williams;London Voices;London Symphony Orchestra
spotify:track:7olfP2L9CUVWXfCzwJgb4Z,The Starkiller,John Williams
spotify:track:4YHLL9Wqh9N1RZTExS9olP,"Great Fairy Fountain (From ""The Legend of Zelda"") [Piano Etude]",Erik Correll
spotify:track:3MXnwS73iv3sLBI8z7rQ0Q,Uncut Gems,Daniel Lopatin
spotify:track:07v18zRzrOAgnabZEFOZKo,The Ballad Of Howie Bling,Daniel Lopatin
spotify:track:4GTWCZqQzmRTJMxM647hhc,Cry Me A River - Medieval Bardcore Version,Beedle The Bardcore
spotify:track:4RMtpvi4bnopPp37E4tLWj,Wish You Were Here,Joseph C. Phaze
spotify:track:3LtDzFgWqNve5tsxZU8xII,Bohemian Rhapsody,Joseph C. Phaze
spotify:track:3deREmfjjYkKMfxnVz1X6l,Take on Me,Joseph C. Phaze
spotify:track:6KYFHI0CTFDOqoWh5geos6,"Nocturne No. 2 in E-Flat, Op.9 No.2",Joseph C. Phaze
spotify:track:2sowiwuhxt4nLIWP6vWJOa,Paranoid Android,Brad Mehldau
spotify:track:0OOrtv0uu57TNYdvWCvSeM,Madame Lulu,Amedeo Tommasi
spotify:track:2PrCZaZKGdtnJp9nAKggFq,"Love Theme (From ""Cinema Paradiso"")",Ennio Morricone;Orchestra dell'Accademia Nazionale di Santa Cecilia;Rocco Zifarelli;Amedeo Tommasi;Gilda Buttà
spotify:track:0OhDnUz8CjUwqm4lM6sVcu,Pavane,Bill Evans Trio
spotify:track:5cKaQ9B62YbaNJhfybqhca,B.W.'s Blues,Tommy Guerrero
spotify:track:0BIfjMKCMAcuqPDzbXXNG0,Cabezon,Red House Painters
spotify:track:62Boz6NDFyOT3tKkSWis2E,Adelita,Francisco Tárrega;Miloš Karadaglić
spotify:track:4NaIl2XLSgc5AoFIZm1NIU,Poxa,Cortex
spotify:track:1sdE5MvlTinP43rimOGc3Y,Peace - A Theme,King Crimson
spotify:track:7pdgi4P0dH7wNSNmAamanA,Lawrence of Arabia - Main Theme,London Philharmonic Orchestra
spotify:track:4PuYFWMWlFzCffDAZUgKGM,Midnight Cowboy - Main Theme,London Philharmonic Orchestra
spotify:track:02CCi0N3pMK4Rjxq5e6UmE,Stay With Me,jrd.
spotify:track:0ovVhnQz8l1HfVl94qxtuC,path of the wind,aekasora
spotify:track:0uvJXQeZs4IAOIraB5jrYE,Summer's Day,Jinsang
spotify:track:25lc9sie8BUr9vsGiQA11x,Slowly,jrd.
spotify:track:26TwB4my7LHPuFq5Ev17nJ,sacrifice,Nohidea
spotify:track:2xH7QrBeYXbX3l4ftsZxsO,Passacaille in Barcelona,Taku Matsushiba
spotify:track:26TOs85h5lO9oISxAwU3wi,Elevated,jrd.
spotify:track:2g611A3XMDwevAy3DIAb3P,Maria,Garoto
spotify:track:5BGvH8WO5jGi45um82BFgo,The Last Waltz,Toru Takemitsu;Andrea Dieci
spotify:track:3lkLHikLOC6yOGC9JHqOOW,40 Minutes of Eddy's Lofi Magnum Opus,TwoSet Violin
spotify:track:2yUYtWmxx16bANtxC47xfp,Music for 18 Musicians: Section I,Steve Reich
spotify:track:0htpVtYJDwrWkdZyB61jel,Music for 18 Musicians: Pulses,Steve Reich
spotify:track:0FozPT4hGc1orTfYnduuT4,Electric Counterpoint: II. Slow,Steve Reich;Pat Metheny
spotify:track:7KDhJKR6tkvgAoRNH4ioIe,Music for 18 Musicians: Section IIIA,Steve Reich
spotify:track:63f4pnBrgeX2zFI35Scr5V,Music for 18 Musicians: Section II,Steve Reich
spotify:track:1B3Na98RxPsIp0Mg9fyxH0,Music for 18 Musicians: Section IIIB,Steve Reich
spotify:track:3abxgfQW0vHHci2tk93vNl,"Act III: Trial, Prison",Philip Glass Ensemble
spotify:track:7oJ7duV79RuyXEnTw06liz,Octet,Steve Reich;Steve Reich Ensemble
spotify:track:56CGMYwiequtHvWT1CDMEi,The Last Waltz,Paul Mauriat
spotify:track:008RKiNmjW5Lb6Ocumq6MA,TWO OF US,久石 譲 アンサンブル
spotify:track:73bKDtwdyJaWkSoIlqhU9w,KIDS RETURN,久石 譲 アンサンブル
spotify:track:7s2dWFnGSW2TyghkD6uvWb,Farewell,Erikson Jayanto
spotify:track:0tRxtv7e6msEjbWzv7VneN,Forest,jrd.
spotify:track:3EB2wEDpjVOBsTJQnlplIU,I Will Wait For You - From The Umbrellas of Cherbourg,London Philharmonic Orchestra
spotify:track:2l0Z9fY1E8Bep8opmhmDhq,Frankenstein,The Edgar Winter Group
spotify:track:5NNvG3UyUX7nGB52zXwPz4,(Interlude) Are You Putting the Moves on Me?,PYRAMID
spotify:track:5LBTIPGXEn7I7ON0BB961z,Knee 5,Philip Glass Ensemble
spotify:track:4gdwUYVnVv8u0t6XaYob4v,Glassworks: I. Opening,Philip Glass;Philip Glass Ensemble;Michael Riesman
spotify:track:1b3xa1BxnWgdYH73uXnugc,Someday My Prince Will Come,Oscar Peterson
spotify:track:6e2lt51YHfE35lgojLKAnH,Round Midnight,Oscar Peterson
spotify:track:0XdiunIsBvtb6j6VkEX74p,Missing Home,Erikson Jayanto;Mevlied Nahla
spotify:track:0iua6kaiZlwKQsQ0CQaLkg,Autumn,Erikson Jayanto
spotify:track:08b1bCjsKjMzhjBm0qhkof,LONG SEASON,Fishmans
spotify:track:1UiYfcwKGhEChKaE5aq54S,"Tristan und Isolde, WWV 90: Prelude (Arr. U. Caine for Jazz Ensemble)",Mark Feldman;Erik Friedlander;Drew Gress;Joyce Hammann;Dominic Cortese;Uri Caine
spotify:track:6r9Ng6VGilj1tvPtNgS0HP,"Symphony No. 2 in C Minor ""Resurrection"": IV. Urlicht. Sehr feierlich, aber schlicht (Arr. U. Caine)",Mark Feldman;Michael Formanek;Uri Caine;Don Byron;David Binney;Josh Roseman
spotify:track:7EkfLobuyqgITbfn3BFmXh,Moonlight Syndrome,ADAM at
spotify:track:2AJHEH475SPH3XckX6KyBI,The Scavenger,John Williams
spotify:track:1PRgvXplpe5ruTlMP95M8l,Open the Door,Ludwig Göransson
spotify:track:3f3rqGdRSKAC1t9DvxjYwx,Yoda and the Force,John Williams
spotify:track:2y0ujQbyIKpfmGnex4VJZU,Rebellions Are Built on Hope,Michael Giacchino
spotify:track:0UvXARxghc7E5grZSpGArl,"Obi-Wan - From ""Obi-Wan Kenobi""",John Williams
spotify:track:0Hey1WdKRL6Z3fpMugBunq,See You There,jrd.
spotify:track:0U8v7lr0dRBeZ53NFROo7l,First Day,jrd.
spotify:track:450X6juQ93aqSeEfigaWtz,Maui-Waui,Chuck Mangione
spotify:track:2DrrxuNOhnpqJXLH36eR1S,Joan of Arc.,Barnes Blvd.
spotify:track:08TyrHIJESw4BSk1N6xxlM,Classical Drag,Joe Morello;Gary Burton;Bobby Christian
spotify:track:6RokSt5XdIofOSKscta32j,聽見下雨的聲音,Rohnie Tan
spotify:track:21c69g1KLfK20NK8tOzYRl,追,Rohnie Tan
spotify:track:00ZAeg2dPocf66EnRwQR1f,刻在我心底的名字,Rohnie Tan
spotify:track:1taJWeuu0InICnZ8jayJfn,Half Moon Serenade,Sky
spotify:track:7K2sHRISZ2KjLBpAenLxWX,The Moon Represents My Heart,Sky
spotify:track:7cmzscTnUYl1JpVzqMYrEC,Magic Waltz - Amedeo Tommasi orchestrato e diretto da Stefano Mastruzzi,Amedeo Tommasi;Federica Michisanti
spotify:track:1GhDH3fXsYTUuo2MykpTLN,Jasmine Flower,Lei Qiang
spotify:track:35nn1zHKfEQe1yXd8ZaDm8,The Flickering Of The Candle Flame,Lei Qiang
spotify:track:4Jjz6dznx5Zo1R6ZFfsTrx,Boys And Flowers/Raise The Red Lantern,Lei Qiang
spotify:track:1Xfp8uu1w5Nz5cnqgwH6UK,Butterfly Lovers,Lei Qiang
spotify:track:3xogCrlDsnIZ7nQo8VvRL6,Kids Will Be Skeletons,Mogwai
spotify:track:6lvJDlBrtabJWiBlMTGxKs,For the Damaged Coda,Blonde Redhead
spotify:track:3m1ngci5oStKN96zAt9Y9M,Quiet Friend - 30th Anniversary Remaster,Steve Roach
spotify:track:3v6UGvx3CJ0F0iEq5jWwl1,Structures from Silence - 30th Anniversary Remaster,Steve Roach
spotify:track:6qdwDI0a8FJMSOl4lr6ghT,Reflections in Suspension - 30th Anniversary Remaster,Steve Roach
spotify:track:5UQxTIRjTn9tU0vczom0jk,Saguaro,Suspended Memories;Steve Roach;Jorge Reyes;Suso Saiz
spotify:track:6Lw6JWyQOnCermcYp8qtzQ,即興曲,Jay Chou
spotify:track:4JXdBJgLquTlcyVBzI9Xie,Tone Twilight Zone,Cornelius
spotify:track:3bMc9oRaUWnojCrYTUXXcQ,BRASILIAN SKIES,Masayoshi Takanaka
spotify:track:5ah1r6uqAymOqKhH48AVtc,The World Of Genius Hans,Moving Gelatine Plates
spotify:track:2mtc4jXbgV3nm8UPN2O7sk,Joy Of A Toy,Soft Machine
spotify:track:5cHFblqIETMx6uJAhkYIaS,Distractions,jrd.
spotify:track:16a1zx1zrhRCHFo5AaJyIg,Beachy,jrd.
spotify:track:7C8sIDbfAFya4KKLPIdFZq,Breath of the Wild,Mikel;GameChops
spotify:track:7zfM6Kf8xUx4blQtFewYHL,Over the Rainbow - Amedeo Tommasi orchestrato e diretto da Stefano Mastruzzi,Amedeo Tommasi;Federica Michisanti
spotify:track:03SiewIDzjZOCwrEzf6zjg,Martina - Amedeo Tommasi orchestrato e diretto da Stefano Mastruzzi,Amedeo Tommasi;Federica Michisanti
spotify:track:68T3CJJyjuvO5fmMBPuK8o,Inexperience - Amedeo Tommasi orchestrato e diretto da Stefano Mastruzzi,Amedeo Tommasi;Federica Michisanti
spotify:track:329rf2MuLM2EvmxlENKn2K,可惜不是你,Rohnie Tan
spotify:track:1c7IHUNBZb9g3SVtNXfqUI,寂寞男人,Rohnie Tan
spotify:track:6iDKiCR13L8Ba6bkK6cqqt,Sarniezz,Angine de Poitrine
spotify:track:664mxd7tkS4Nc1ktjuY6C2,Tohogd,Angine de Poitrine
spotify:track:0Im0C4MYbq29oOPXxqm4Gm,My Only Swerving,El Ten Eleven
spotify:track:26U8VVdf8rqojanK6VR3hJ,Noi Giovani,Amedeo Tommasi
spotify:track:7lPXvxF1L1Yt6Fhp0mmoJk,Lorge,El Ten Eleven
spotify:track:3JGggal1BRSsFQbHLVkRKH,"Orchestral Suite No. 3 In D Minor, BWV 1068: Aria",The Swingle Singers
spotify:track:4Z6x4uLW25Zgiyb6eTD2tS,Fugue No.2 in C minor [The Well-Tempered Clavier - Book 2 BWV 871],The Swingle Singers
spotify:track:2SViPWEbGEPeexIeZ5CYv1,"Bach, JS: Mass in B Minor, BWV 232: Et resurrexit",Johann Sebastian Bach;The Swingle Singers
spotify:track:5Dm6JYHlzbueV8XrsIQEDp,Auto Rock,Mogwai
spotify:track:6VfQ1xs6CIBdLbmdWBo1FT,"September in the Rain (feat. Nigel Hitchcock, Iain Mackenzie, Gareth Lockrane & Emma Smith)",The Callum Au Big Band;Nigel Hitchcock;Iain Mackenzie;Gareth Lockrane;Emma Smith
spotify:track:3eavnou9BsLgC58UJ4wQGs,Agua e vinho,Sérgio Assad;Odair Assad
spotify:track:4mhxkP52uwHPrFHf9ApKwO,A lenda do caboclo,Heitor Villa-Lobos;Yo-Yo Ma;Odair Assad;Sérgio Assad
spotify:track:2lGmqIurlKnSJFYZJ1jI8W,Andante and Allegro from Tango Suite: Andante,Yo-Yo Ma;Sérgio Assad;Odair Assad;Jorge Calandrelli
spotify:track:380LdYKLSVBsb053lhSpoh,Tango Suite: 2. Andante,Sérgio Assad;Odair Assad
spotify:track:76l2YOd9r19P8g7weEwEKa,Fanshawe,El Ten Eleven
spotify:track:5Mec4NEUojS9DJUVbcddEI,Uncanny Valley Girl,El Ten Eleven
spotify:track:73ik3a517Lz2W7eLWejapJ,Exit Music,Brad Mehldau
spotify:track:4CLRiSP3FAdJ4A9fOhB3qY,"Piano Sonata, Op. 13 ""Pathetique"": 2nd Mov.",SHIGEO SEKITO
spotify:track:6R1IBE7yemT74Ww9Jt7lzU,"Beethoven's Piano Sonata No. 8, Pathetique",Hiromi;Anthony Jackson;Simon Phillips
spotify:track:0rdAWZxySL8eghoM6TMK9l,"Improvisation on Tchaikowsky's ""Pathétique"" Andante",Django Reinhardt;Stéphane Grappelli
spotify:track:7MyrCmMvLbSHzdcSL2DQDh,Merry Christmas Mr. Lawrence (Version for Piano),Ryuichi Sakamoto;Lang Lang
spotify:track:4jHMuNe1HNcZePPZsIoYFX,"Merry Christmas, Mr. Lawrence (Arr. for String Orchestra)",Ryuichi Sakamoto;Morphing Chamber Orchestra
spotify:track:69qGhVe4CbzDi5uBeWPPdO,Tabhair dom do Lámh,Chris Thile;Brad Mehldau
spotify:track:0wjfTfh7VSiE6Jatrfuz7U,Dear Prudence,Brad Mehldau
spotify:track:55mW03rqsI9s3xUnuruF7G,Sherpa,Angine de Poitrine
spotify:track:3wRs0OVDfZU0Hs4Jw7A2xh,Méditation des enfants,Alain Goraguer
spotify:track:4bEA2S0bsm3L0n8WkjvjjG,Déshominisation (I),Alain Goraguer
spotify:track:3oaXR9X9KEwsmRPXjlw1MF,Terr et Tiwa dorment,Alain Goraguer
spotify:track:6SsV5LfF1MLFWCCAsKAZSw,Strip Tease,Alain Goraguer
spotify:track:3ug1DkH2vPiJN2Boxkvd2K,Piano And Strings - 1995 Remastered,Henry Mancini
spotify:track:39spmunt5AfDJTMCfc1gRX,Merry Widow Waltz,Memphis Jazz Orchestra
spotify:track:4IpbYzGBUtgofDMe9b2Pq9,"Epitaph of Seikilos (Complete Ancient Greek Melody Composed by Seikilos, Son of Euterpe, 1st Century CE - Arranged For Replica Lyre)",Michael Levy
spotify:track:7233BUcS5dQ65F2b5pNMXN,Hymne à l'amour,Roland Dyens
spotify:track:0omHGicaw2wGuf4h95CxzS,虹を見た日,小久保 隆
spotify:track:5cedJm3KlvCGlEYm4nQyWL,夏の記憶,小久保 隆
spotify:track:6Tcgzb7HKj5EVUSJIY9mU0,森の目覚め,小久保 隆
spotify:track:7LJiKCZ6mMG5GYDHKz8qmB,遥かなる青い星,小久保 隆
spotify:track:1E2dEuZt8YPszs0EEEolWJ,イオンの森,小久保 隆
spotify:track:2Jg6Zi33uIXmUiEyYUPtOJ,The Heart's Garden,Teesa
spotify:track:3csCFMv0vchVv0bIfQQIxR,Showa Blues,p6yment
spotify:track:6NlmRmhfmccg4mmmPP0Vyd,Tears in Heaven,Joshua Redman
spotify:track:2rhAvn7oX3nK3pR3c8APik,Two Cents Party,Erikson Jayanto
spotify:track:1cxLPRdPLe8sspggnjucWh,Astuary,jrd.
spotify:track:13tykNZjzG4JYMHJzs5nQb,Our Love,Laurindo Almeida
spotify:track:4wcTUp8HvBejBmHz3LwxQe,Le altre 10,Piero Piccioni
spotify:track:5AJKWZauiSZ2Pb04Eu8BEi,告白,薛汀哲
spotify:track:4P06V2qUbxeW054tmpOpnQ,童話 | Tong Hua (by 王光良 | Michael Wong),Michael Tai
spotify:track:4CWH9keqWsqbkmg5skCSZR,遇見 | Yu Jian (by 孫燕姿 | Stephanie Sun),Michael Tai
spotify:track:7BzoyzHNyZldxQi8RsyB27,海闊天空 | Under A Vast Sky (by Beyond),Michael Tai
spotify:track:15SsdlrDWItm8CGdbN09I2,你不知道的事 | All The Things You Never Knew (by 王力宏 | Wang Lee Hom),Michael Tai
spotify:track:5fDUoqo9mb7cRpwZPC5txX,Despues de Las Seis,Agustin Pereyra Lucena
spotify:track:1KCRIpka7zPgYHAJZagVL4,Mistify,jrd.
spotify:track:09WsIEsPGr8cBcFzJCRkS8,Cabin,jrd.
spotify:track:3ebJhe7duCfkVqzAmfOJXa,Fall In,jrd.
spotify:track:7pKTfrmzhDQCKru8Hswcx8,Gets Blue,jrd.
spotify:track:6dzTN4j4aHOGlVIAntnGQC,Under Paris Skies,Tony Mottola
spotify:track:0nuPxAP6Bh4FL8oJCDgPWD,Candy - 2007 ver.,Toshifumi Hinata
spotify:track:2H1gfJYezeyasz8qFO7eke,Such Perfect Peace,Jonathan Geer
spotify:track:5xLzGWWwVcIzFb5bL8eU84,White Sands,Alessandro Alessandroni
spotify:track:0uCE6TnibWluCUC9faSnTf,Landscape,Alessandro Alessandroni
spotify:track:3cglZxyKSitsFV8CQQhESh,Rossana - Bossa Nova Version,Armando Trovajoli;I Cantori Moderni Di Alessandroni
spotify:track:5fHVpGBodIcXkWlZcjFaj3,人生のメリーゴーランド（ハウルの動く城）,Kazumi Tateishi Trio
spotify:track:7pGCQcsHomAkylPdeyZMaZ,The Bridge of San Luis Rey,Eddie Reyes
spotify:track:58ZLhxCjVDRruqfqiQWjad,Dalarna,Peter Hont;Minecraft
spotify:track:1MWLnWW5asQUoDF08dvaaN,Intertile,Peter Hont;Minecraft
spotify:track:5yS3TsaBmVhk1ELFexUs6Q,Voyage,Ryo Fukui
spotify:track:0UHrRsf4xsIucrt8Bjk2Jp,Chimney,Wun Two
spotify:track:2wZatH0fctLAwPZ7OZ3V9S,Amazing Red Sun,Lei Qiang
spotify:track:7E2eQR8zgbCvjsJZv2Bf6f,Nightingale,Oscar Peterson
spotify:track:1OgrDri9saxxlPRgICzKBF,Goodbye,Me and My Sandcastle
spotify:track:6b2orta8RJeetIMq2WgDC7,Midnight Cowboy,Acetone
spotify:track:4YNmVEiYU2OgQEu8KJJAkZ,你好嗎？,Rohnie Tan
spotify:track:7nTrgV4osUk3b5ZKgKEWlu,Bleached,Video Days
spotify:track:5Y2iKc41aFa1rIG6vOIClH,Between the Bars,Brad Mehldau
spotify:track:2D93wujgGm85giI1TtOL36,Hateno Village,Mikel;GameChops
spotify:track:2q72fDkFQCsNGyXoN1kNE7,Springtime on the Tianshan Mountains,Traditional;Yu Cheng
spotify:track:1NPf5FCRtTxNlm5XGhkKhw,Are These My Memories?,Steve Hiett
spotify:track:2vM0MdHJgXr4UgQVn73aZ5,Why Don't You Believe Me,Ernest Ranglin
spotify:track:7k7syXYFuHNfY06Z2rftoh,Surfin',Ernest Ranglin
spotify:track:1E0yH4SqP3qkPIAjDUtdoT,Passage,Toshifumi Hinata
spotify:track:7nyxMkIOO0TkEzdUYkTUD7,Three Coins in the Fountain,Peter Nero
spotify:track:5d79HoKCu6UO0ZxuDhP6ks,Days of Wine and Roses,Emile Pandolfi
spotify:track:1eJtn8NErRIgbMt8T6yKcc,Someday My Prince Will Come,Emile Pandolfi
spotify:track:2xwcVSZ6O7aCUX9uJhV4iH,In the Light,Toshifumi Hinata
spotify:track:7q2OH5bHL1jqjk73BA3f98,Where We First Met,Million Eyes
spotify:track:4RduagyN6mPKY5h81Gzb8P,Efficace Swing,Cortex
spotify:track:3LesILgJhqJVzhhGbpZsBQ,ブルー・ブラッド,Jiro Inagaki and His Soul Media
spotify:track:3EPWESrqLEFlzEPwKdWshB,Flying Woman,The Carmets
spotify:track:3hw1HoDjtFo6uX8FODHrcT,Under the Star Light,Prism
spotify:track:5MXV3hMc4hPp0VMIMgRmAE,Horse Race,Jiangsu Art Troupe Folk Music Band
spotify:track:4ioMdV2VHZme6Qs6ecGyPo,Sketch 1,Nick Drake
spotify:track:7z3WL3xgPjljlWDN5lqCft,"Gusty Garden Galaxy (From ""Super Mario Galaxy"") [Piano Solo]",Erik Correll
spotify:track:14JguI1ttjlnIDzrANthR5,Violin Concerto No. 1: Movement III,Philip Glass;Leonard Bernstein;Dennis Russell Davies;Bruckner Orchester Linz;Renaud Capuçon
spotify:track:09qxq47u5ieUKSdwxn0rHX,The Song Of The Four Seasons,Ming Flute Ensemble
spotify:track:6jfdBc7Vma7hZ6ytt2lZF8,reflection eternal,Nujabes
spotify:track:2W9rm7y98nLJeTocWNGNdf,Spiritual State,Nujabes;Uyama Hiroto
spotify:track:24WN7303j3zy75xLeYSVQq,ヒノズ・レゲエ,Terumasa Hino
spotify:track:4f9pavkOmiGmc6T4FOwESZ,FIRE FLY,Sadao Watanabe
spotify:track:2llFlNkPX4hW1M3HLdEMBm,ブリーズ,Jiro Inagaki and His Soul Media
spotify:track:3zf2Q4RClUxso6f7PX6Fw2,ジェントル・ウェイヴ,Jiro Inagaki and His Soul Media
spotify:track:2O9mZDsaOrudvm7irlGxzz,Black Canal,Kazumi Watanabe
spotify:track:3XpjnfrBGl0TI1i3cDBIJY,I'm in You,Kazumi Watanabe;山岸潤史;Katsutoshi Morizono;Kenji Omura
spotify:track:6Ys5Xmyl13GuzVWDOqZlcL,ノスタルジア・オブ・アイランド,Tatsuro Yamashita
spotify:track:17H4MrsfjokxEzfoyenmtm,Air,Jason Becker
spotify:track:25S9WTKjsf6NwpD457Ubn9,Squirrel Photography,Launchable Socks
spotify:track:6thjKtlVjr9KgBXkjm3EGe,Nostalgia,Joe Hisaishi;Orchestra Città di Ferrara
spotify:track:0LSWIF0cz5EpjmQRendnri,Kashmiri Song,Percy Faith & His Orchestra
spotify:track:6V4fFh4xT4pvemdiObIM9B,Juanita,Acetone
spotify:track:3H1gkHUDfMEUTbHKGK2seU,Dreaming On Sea,Jannik Schmidt
spotify:track:0B1EXe09DjRpWQrowaKpaQ,Endless Ocean,Jannik Schmidt
spotify:track:4us0visceFOuHn4Pa3f19s,"Komm,susser Tod / 甘き死よ、来たれ",All That Jazz
